{
    "status": "SIM_RESULT",
    "elements": {
        "bus1": {
            "etype": "bus",
            "vm_pu": 1.02,
            "va_degree": 0.0,
            "p_mw": -0.107265390824308,
            "q_mvar": -0.05267519528638222
        },
        "bus2": {
            "etype": "bus",
            "vm_pu": 1.0088427233128725,
            "va_degree": -0.7601257186168641,
            "p_mw": 0.0,
            "q_mvar": 0.0
        },
        "bus3": {
            "etype": "bus",
            "vm_pu": 0.9644305728933401,
            "va_degree": 0.11585861401564218,
            "p_mw": 0.1,
            "q_mvar": 0.05
        },
        "ExtGrid": {
            "etype": "ext_grid",
            "p_mw": 0.107265390824308,
            "q_mvar": 0.05267519528638222
        },
        "load1_0.1MW": {
            "etype": "load",
            "p_mw": 0.1,
            "q_mvar": 0.05
        },
        "trafo1": {
            "etype": "trafo",
            "p_hv_mw": 0.10726539055005244,
            "q_hv_mvar": 0.05267519521321317,
            "p_lv_mw": -0.10539239118534567,
            "q_lv_mvar": -0.05069611903719688,
            "pl_mw": 0.001872999364706765,
            "ql_mvar": 0.001979076176016288,
            "i_hv_ka": 0.0033820616764576143,
            "i_lv_ka": 0.16732533377806527,
            "vm_hv_pu": 1.02,
            "va_hv_degree": 0.0,
            "vm_lv_pu": 1.0088427233128725,
            "va_lv_degree": -0.7601257186168641,
            "loading_percent": 29.289513289780807
        },
        "line1": {
            "etype": "line",
            "p_from_mw": 0.10539239122743502,
            "q_from_mvar": 0.05069611896419353,
            "p_to_mw": -0.0999999997678338,
            "q_to_mvar": -0.049999999853827595,
            "pl_mw": 0.005392391459601215,
            "ql_mvar": 0.0006961191103659337,
            "i_from_ka": 0.16732533378705577,
            "i_to_ka": 0.16732599549780502,
            "i_ka": 0.16732599549780502,
            "vm_from_pu": 1.0088427233128725,
            "va_from_degree": -0.7601257186168641,
            "vm_to_pu": 0.9644305728933401,
            "va_to_degree": 0.11585861401564218,
            "loading_percent": 117.8352080970458
        }
    }
}